<?xml version="1.0" encoding="UTF-8" ?>
<!DOCTYPE configuration
        PUBLIC "-//mybatis.org//DTD Config 3.0//EN"
        "http://mybatis.org/dtd/mybatis-3-config.dtd">
<configuration>
    <!--引入数据库的资源文件-->
    <properties resource="database.properties"></properties>
    <settings>
        <setting name="logImpl" value="log4j"/>
        <!--开启驼峰是命名 b_id_name bIdName-->
        <setting name="mapUnderscoreToCamelCase" value="true"/>
    </settings>
    <plugins>
        <plugin interceptor="com.github.pagehelper.PageInterceptor"></plugin>
    </plugins>
    <!--配置的数据库的环境-->
    <environments default="development">
        <environment id="development">
            <transactionManager type="JDBC"/>
            <dataSource type="POOLED">
                <property name="driver" value="${driver}"/>
                <property name="url" value="${url}"/>
                <property name="username" value="${uname}"/>
                <property name="password" value="${password}"/>
            </dataSource>
        </environment>
    </environments>
    <!--引入sql映射文件-->
    <mappers>
        <package name="com.lyx.mapper"/>
    </mappers>
</configuration>