<?xml version="1.0" encoding="UTF-8" ?>
<!DOCTYPE mapper
        PUBLIC "-//mybatis.org//DTD Mapper 3.0//EN"
        "http://mybatis.org/dtd/mybatis-3-mapper.dtd">
<!--配置Mapper接口的全限定的名称-->
<mapper namespace="com.lyx.mapper.AppointmentMapper">
    <select id="getAppointmentListByPid" resultMap="getAppointmentInfo">
        select * from appointments a LEFT JOIN doctors d on a.doctor_id = d.doctor_id
                                     LEFT JOIN departments dt on d.department_id = dt.department_id
                                     LEFT JOIN professional_titles pt on d.professional_title_id = pt.id
                                    where a.patient_id=#{pid}
                                    order by a.appointment_date asc,a.appointment_time asc
    </select>

    <resultMap id="getAppointmentInfo" type="com.lyx.pojo.Appointments" autoMapping="true">
        <id property="appointmentId" column="appointment_id"></id>

        <association property="doctors" javaType="com.lyx.pojo.Doctors" autoMapping="true">
            <id property="doctorId" column="doctor_id"></id>
            <association property="departments" javaType="com.lyx.pojo.Departments" autoMapping="true"></association>
            <association property="professionalTitles" javaType="com.lyx.pojo.ProfessionalTitles" autoMapping="true"></association>
        </association>
    </resultMap>
</mapper>