<?xml version="1.0" encoding="UTF-8" ?>
<!DOCTYPE mapper
        PUBLIC "-//mybatis.org//DTD Mapper 3.0//EN"
        "http://mybatis.org/dtd/mybatis-3-mapper.dtd">
<!--配置Mapper接口的全限定的名称-->
<mapper namespace="com.lyx.mapper.ScheduleMapper">
    <select id="getDoctorScheduleList" resultMap="getScheduleInfo">
        select * from doctor_schedule d LEFT JOIN doctors dt on d.doctor_id = dt.doctor_id where d.department_id=#{did} order by d.date asc,d.shift_time asc
    </select>

    <resultMap id="getScheduleInfo" type="com.lyx.pojo.DoctorSchedule" autoMapping="true">
        <id property="scheduleId" column="schedule_id"></id>

        <association property="doctors" javaType="com.lyx.pojo.Doctors" autoMapping="true"></association>

    </resultMap>
</mapper>